{
    "train": {
        "loss": [
            4.0817265224456785,
            3.0463046836853027,
            2.629589681625366,
            2.3258204650878906,
            2.0755367612838747,
            1.8427611017227172,
            1.6534333848953247,
            1.4591787719726563,
            1.2545371675491332,
            1.0925990414619446
        ],
        "f1": [
            0.5459558665238389,
            0.589819910410454,
            0.6331721988867847,
            0.6530188221290759,
            0.6811598430109072,
            0.701404655117193,
            0.7243141363767505,
            0.753313897621031,
            0.7975576135464176,
            0.8257424049986344
        ],
        "accuracy": [
            0.5869377162629758,
            0.6392746913580247,
            0.6787778253424658,
            0.6954741379310345,
            0.7191766211604096,
            0.7372159090909091,
            0.7560855263157895,
            0.7804904513888888,
            0.8198217317487266,
            0.8420968430034129
        ]
    },
    "val": {
        "loss": [
            3.2902850764138356,
            2.9196243286132812,
            2.733741079057966,
            2.634458746228899,
            2.5831630570547923,
            2.588921512876238,
            2.55539676121303,
            2.555330923625401,
            2.5841004848480225,
            2.60694762638637
        ],
        "f1": [
            0.5294849955872752,
            0.569787063594424,
            0.5852292158729271,
            0.5950163487135915,
            0.5982078102076583,
            0.604906172583156,
            0.6065969161274761,
            0.6051772583684076,
            0.6065910522242449,
            0.6069926071433553
        ],
        "accuracy": [
            0.5861164122137404,
            0.6202290076335878,
            0.6314408396946565,
            0.6366889312977099,
            0.6359732824427481,
            0.6395515267175572,
            0.6397900763358778,
            0.6371660305343512,
            0.6369274809160306,
            0.6371660305343512
        ]
    }
}